<?xml version="1.0" encoding="UTF-8"?><idempiere Name="WS_WebServiceType" Version="1.0.0" idempiereVersion="3.1.0.qualifier" DataBaseVersion="2015-10-31" Description="" Author="SuperUser" AuthorEmail="superuser@oss-erp.co.jp" CreatedDate="Mon Jul 11 10:03:28 JST 2016" UpdatedDate="Mon Jul 11 10:03:28 JST 2016" PackOutVersion="100" UpdateDictionary="true" Client="11-GardenWorld-GardenWorld" AD_Client_UU="3268b9a8-10d8-466d-96e5-aa01166408fa">
    <WS_WebServiceType type="table">
        <AD_Org_ID>0</AD_Org_ID>
        <Description>Configuration of Create Data web service to create business partners</Description>
        <Help/>
        <IsActive>Y</IsActive>
        <Name>WS_CreateBPartner</Name>
        <Value>WS_CreateBPartner</Value>
        <WS_WebService_ID reference="id">50001</WS_WebService_ID>
        <WS_WebServiceMethod_ID reference="id">50024</WS_WebServiceMethod_ID>
        <AD_Table_ID reference="id">291</AD_Table_ID>
        <WS_WebServiceType_UU>72a553e0-eb7d-4681-b131-9e875a3e0cc4</WS_WebServiceType_UU>
        <WS_WebService_Para type="table">
            <AD_Org_ID>0</AD_Org_ID>
            <WS_WebServiceType_ID reference="uuid" reference-key="WS_WebServiceType">72a553e0-eb7d-4681-b131-9e875a3e0cc4</WS_WebServiceType_ID>
            <IsActive>Y</IsActive>
            <ParameterName>Action</ParameterName>
            <ParameterType>C</ParameterType>
            <ConstantValue>Create</ConstantValue>
            <WS_WebService_Para_UU>791c0a89-d3bd-4bf9-a07d-d2dd95f661f9</WS_WebService_Para_UU>
        </WS_WebService_Para>
        <WS_WebService_Para type="table">
            <AD_Org_ID>0</AD_Org_ID>
            <WS_WebServiceType_ID reference="uuid" reference-key="WS_WebServiceType">72a553e0-eb7d-4681-b131-9e875a3e0cc4</WS_WebServiceType_ID>
            <IsActive>Y</IsActive>
            <ParameterName>RecordID</ParameterName>
            <ParameterType>F</ParameterType>
            <ConstantValue/>
            <WS_WebService_Para_UU>dccc6e49-f40a-4f51-a0d0-822efe8e6f6e</WS_WebService_Para_UU>
        </WS_WebService_Para>
        <WS_WebService_Para type="table">
            <AD_Org_ID>0</AD_Org_ID>
            <WS_WebServiceType_ID reference="uuid" reference-key="WS_WebServiceType">72a553e0-eb7d-4681-b131-9e875a3e0cc4</WS_WebServiceType_ID>
            <IsActive>Y</IsActive>
            <ParameterName>TableName</ParameterName>
            <ParameterType>C</ParameterType>
            <ConstantValue>C_BPartner</ConstantValue>
            <WS_WebService_Para_UU>a62e5350-1c04-4111-ba6b-ba14d51f30ca</WS_WebService_Para_UU>
        </WS_WebService_Para>
        <WS_WebServiceFieldInput type="table">
            <AD_Org_ID>0</AD_Org_ID>
            <WS_WebServiceType_ID reference="uuid" reference-key="WS_WebServiceType">72a553e0-eb7d-4681-b131-9e875a3e0cc4</WS_WebServiceType_ID>
            <IsActive>Y</IsActive>
            <AD_Column_ID reference="id">2901</AD_Column_ID>
            <AD_Reference_ID reference="id">14</AD_Reference_ID>
            <ColumnName/>
            <IdentifierLogic/>
            <IsIdentifier>N</IsIdentifier>
            <IsNullIdentifier>N</IsNullIdentifier>
            <WS_WebServiceFieldInput_UU>9ee134c6-75f9-488d-9ade-2f8b8c8cb24b</WS_WebServiceFieldInput_UU>
            <AD_Reference_Value_ID reference="id"/>
        </WS_WebServiceFieldInput>
        <WS_WebServiceFieldInput type="table">
            <AD_Org_ID>0</AD_Org_ID>
            <WS_WebServiceType_ID reference="uuid" reference-key="WS_WebServiceType">72a553e0-eb7d-4681-b131-9e875a3e0cc4</WS_WebServiceType_ID>
            <IsActive>Y</IsActive>
            <AD_Column_ID reference="id">2902</AD_Column_ID>
            <AD_Reference_ID reference="id">14</AD_Reference_ID>
            <ColumnName/>
            <IdentifierLogic/>
            <IsIdentifier>N</IsIdentifier>
            <IsNullIdentifier>N</IsNullIdentifier>
            <WS_WebServiceFieldInput_UU>7eb2c0d8-901e-4460-a0b8-574a27149770</WS_WebServiceFieldInput_UU>
            <AD_Reference_Value_ID reference="id"/>
        </WS_WebServiceFieldInput>
        <WS_WebServiceFieldInput type="table">
            <AD_Org_ID>0</AD_Org_ID>
            <WS_WebServiceType_ID reference="uuid" reference-key="WS_WebServiceType">72a553e0-eb7d-4681-b131-9e875a3e0cc4</WS_WebServiceType_ID>
            <IsActive>Y</IsActive>
            <AD_Column_ID reference="id">2909</AD_Column_ID>
            <AD_Reference_ID reference="id">14</AD_Reference_ID>
            <ColumnName/>
            <IdentifierLogic/>
            <IsIdentifier>N</IsIdentifier>
            <IsNullIdentifier>N</IsNullIdentifier>
            <WS_WebServiceFieldInput_UU>7ce2b690-659f-4c36-a676-72ac127d891f</WS_WebServiceFieldInput_UU>
            <AD_Reference_Value_ID reference="id"/>
        </WS_WebServiceFieldInput>
        <WS_WebServiceFieldInput type="table">
            <AD_Org_ID>0</AD_Org_ID>
            <WS_WebServiceType_ID reference="uuid" reference-key="WS_WebServiceType">72a553e0-eb7d-4681-b131-9e875a3e0cc4</WS_WebServiceType_ID>
            <IsActive>Y</IsActive>
            <AD_Column_ID reference="id">58113</AD_Column_ID>
            <AD_Reference_ID reference="id">13</AD_Reference_ID>
            <ColumnName/>
            <IdentifierLogic/>
            <IsIdentifier>N</IsIdentifier>
            <IsNullIdentifier>N</IsNullIdentifier>
            <WS_WebServiceFieldInput_UU>991602ef-11fb-4d03-84e3-84e0ec89f385</WS_WebServiceFieldInput_UU>
            <AD_Reference_Value_ID reference="id"/>
        </WS_WebServiceFieldInput>
        <WS_WebServiceFieldOutput type="table">
            <AD_Org_ID>0</AD_Org_ID>
            <AD_Column_ID reference="id">2902</AD_Column_ID>
            <IsActive>Y</IsActive>
            <WS_WebServiceType_ID reference="uuid" reference-key="WS_WebServiceType">72a553e0-eb7d-4681-b131-9e875a3e0cc4</WS_WebServiceType_ID>
            <WS_WebServiceFieldOutput_UU>454de28a-d1c1-48cc-a2b3-c344674b7073</WS_WebServiceFieldOutput_UU>
        </WS_WebServiceFieldOutput>
        <WS_WebServiceFieldOutput type="table">
            <AD_Org_ID>0</AD_Org_ID>
            <AD_Column_ID reference="id">2901</AD_Column_ID>
            <IsActive>Y</IsActive>
            <WS_WebServiceType_ID reference="uuid" reference-key="WS_WebServiceType">72a553e0-eb7d-4681-b131-9e875a3e0cc4</WS_WebServiceType_ID>
            <WS_WebServiceFieldOutput_UU>9e137ef6-0d08-49c2-b01f-25e416518211</WS_WebServiceFieldOutput_UU>
        </WS_WebServiceFieldOutput>
        <WS_WebServiceFieldOutput type="table">
            <AD_Org_ID>0</AD_Org_ID>
            <AD_Column_ID reference="id">2893</AD_Column_ID>
            <IsActive>Y</IsActive>
            <WS_WebServiceType_ID reference="uuid" reference-key="WS_WebServiceType">72a553e0-eb7d-4681-b131-9e875a3e0cc4</WS_WebServiceType_ID>
            <WS_WebServiceFieldOutput_UU>8f17ed82-1c91-471c-84ac-0aadfd97a839</WS_WebServiceFieldOutput_UU>
        </WS_WebServiceFieldOutput>
        <WS_WebServiceFieldOutput type="table">
            <AD_Org_ID>0</AD_Org_ID>
            <AD_Column_ID reference="id">2909</AD_Column_ID>
            <IsActive>Y</IsActive>
            <WS_WebServiceType_ID reference="uuid" reference-key="WS_WebServiceType">72a553e0-eb7d-4681-b131-9e875a3e0cc4</WS_WebServiceType_ID>
            <WS_WebServiceFieldOutput_UU>5f47232f-3ea7-4337-8772-c1008a2aaffc</WS_WebServiceFieldOutput_UU>
        </WS_WebServiceFieldOutput>
        <WS_WebServiceTypeAccess type="table">
            <AD_Org_ID>0</AD_Org_ID>
            <AD_Role_ID reference="id">102</AD_Role_ID>
            <WS_WebServiceType_ID reference="uuid" reference-key="WS_WebServiceType">72a553e0-eb7d-4681-b131-9e875a3e0cc4</WS_WebServiceType_ID>
            <IsActive>Y</IsActive>
            <IsReadWrite>Y</IsReadWrite>
            <WS_WebServiceTypeAccess_UU>2bda5901-d087-4f10-92f6-f19e27b74fcd</WS_WebServiceTypeAccess_UU>
        </WS_WebServiceTypeAccess>
        <WS_WebServiceTypeAccess type="table">
            <AD_Org_ID>0</AD_Org_ID>
            <AD_Role_ID reference="id">50004</AD_Role_ID>
            <WS_WebServiceType_ID reference="uuid" reference-key="WS_WebServiceType">72a553e0-eb7d-4681-b131-9e875a3e0cc4</WS_WebServiceType_ID>
            <IsActive>Y</IsActive>
            <IsReadWrite>Y</IsReadWrite>
            <WS_WebServiceTypeAccess_UU>8ea06a1b-63fe-4601-82cb-392f1904c9b3</WS_WebServiceTypeAccess_UU>
        </WS_WebServiceTypeAccess>
    </WS_WebServiceType>
    <WS_WebServiceType type="table">
        <AD_Org_ID>0</AD_Org_ID>
        <Description/>
        <Help/>
        <IsActive>Y</IsActive>
        <Name>WS_QueryBPartner</Name>
        <Value>WS_QueryBPartner</Value>
        <WS_WebService_ID reference="id">50001</WS_WebService_ID>
        <WS_WebServiceMethod_ID reference="id">50028</WS_WebServiceMethod_ID>
        <AD_Table_ID reference="id">291</AD_Table_ID>
        <WS_WebServiceType_UU>acdb425a-f914-4f99-a28e-112457f44899</WS_WebServiceType_UU>
        <WS_WebService_Para type="table">
            <AD_Org_ID>0</AD_Org_ID>
            <WS_WebServiceType_ID reference="uuid" reference-key="WS_WebServiceType">acdb425a-f914-4f99-a28e-112457f44899</WS_WebServiceType_ID>
            <IsActive>Y</IsActive>
            <ParameterName>RecordID</ParameterName>
            <ParameterType>F</ParameterType>
            <ConstantValue/>
            <WS_WebService_Para_UU>72f55388-2c13-4c4e-a00b-53c83838abab</WS_WebService_Para_UU>
        </WS_WebService_Para>
        <WS_WebService_Para type="table">
            <AD_Org_ID>0</AD_Org_ID>
            <WS_WebServiceType_ID reference="uuid" reference-key="WS_WebServiceType">acdb425a-f914-4f99-a28e-112457f44899</WS_WebServiceType_ID>
            <IsActive>Y</IsActive>
            <ParameterName>TableName</ParameterName>
            <ParameterType>C</ParameterType>
            <ConstantValue>C_BPartner</ConstantValue>
            <WS_WebService_Para_UU>c797b6a2-07bc-42ec-90d4-077e7481191d</WS_WebService_Para_UU>
        </WS_WebService_Para>
        <WS_WebService_Para type="table">
            <AD_Org_ID>0</AD_Org_ID>
            <WS_WebServiceType_ID reference="uuid" reference-key="WS_WebServiceType">acdb425a-f914-4f99-a28e-112457f44899</WS_WebServiceType_ID>
            <IsActive>Y</IsActive>
            <ParameterName>Action</ParameterName>
            <ParameterType>C</ParameterType>
            <ConstantValue>Read</ConstantValue>
            <WS_WebService_Para_UU>ba68e377-739d-43fe-bfe0-99e16c4716aa</WS_WebService_Para_UU>
        </WS_WebService_Para>
        <WS_WebServiceFieldInput type="table">
            <AD_Org_ID>0</AD_Org_ID>
            <WS_WebServiceType_ID reference="uuid" reference-key="WS_WebServiceType">acdb425a-f914-4f99-a28e-112457f44899</WS_WebServiceType_ID>
            <IsActive>Y</IsActive>
            <AD_Column_ID reference="id">2902</AD_Column_ID>
            <AD_Reference_ID reference="id">14</AD_Reference_ID>
            <ColumnName/>
            <IdentifierLogic/>
            <IsIdentifier>N</IsIdentifier>
            <IsNullIdentifier>N</IsNullIdentifier>
            <WS_WebServiceFieldInput_UU>68654e50-f87e-4357-9eca-4348056641ee</WS_WebServiceFieldInput_UU>
            <AD_Reference_Value_ID reference="id"/>
        </WS_WebServiceFieldInput>
        <WS_WebServiceFieldOutput type="table">
            <AD_Org_ID>0</AD_Org_ID>
            <AD_Column_ID reference="id">2902</AD_Column_ID>
            <IsActive>Y</IsActive>
            <WS_WebServiceType_ID reference="uuid" reference-key="WS_WebServiceType">acdb425a-f914-4f99-a28e-112457f44899</WS_WebServiceType_ID>
            <WS_WebServiceFieldOutput_UU>aac08252-50ff-4c1a-b71b-9b2c77e37269</WS_WebServiceFieldOutput_UU>
        </WS_WebServiceFieldOutput>
        <WS_WebServiceFieldOutput type="table">
            <AD_Org_ID>0</AD_Org_ID>
            <AD_Column_ID reference="id">2893</AD_Column_ID>
            <IsActive>Y</IsActive>
            <WS_WebServiceType_ID reference="uuid" reference-key="WS_WebServiceType">acdb425a-f914-4f99-a28e-112457f44899</WS_WebServiceType_ID>
            <WS_WebServiceFieldOutput_UU>3011b7d2-047d-451f-ad7e-64b3ca2e96ae</WS_WebServiceFieldOutput_UU>
        </WS_WebServiceFieldOutput>
        <WS_WebServiceFieldOutput type="table">
            <AD_Org_ID>0</AD_Org_ID>
            <AD_Column_ID reference="id">58113</AD_Column_ID>
            <IsActive>Y</IsActive>
            <WS_WebServiceType_ID reference="uuid" reference-key="WS_WebServiceType">acdb425a-f914-4f99-a28e-112457f44899</WS_WebServiceType_ID>
            <WS_WebServiceFieldOutput_UU>faa1eeba-0d52-48a1-afb6-6f119b12877c</WS_WebServiceFieldOutput_UU>
        </WS_WebServiceFieldOutput>
        <WS_WebServiceFieldOutput type="table">
            <AD_Org_ID>0</AD_Org_ID>
            <AD_Column_ID reference="id">2901</AD_Column_ID>
            <IsActive>Y</IsActive>
            <WS_WebServiceType_ID reference="uuid" reference-key="WS_WebServiceType">acdb425a-f914-4f99-a28e-112457f44899</WS_WebServiceType_ID>
            <WS_WebServiceFieldOutput_UU>18e05236-e86f-410f-b818-46f0edbc719a</WS_WebServiceFieldOutput_UU>
        </WS_WebServiceFieldOutput>
        <WS_WebServiceFieldOutput type="table">
            <AD_Org_ID>0</AD_Org_ID>
            <AD_Column_ID reference="id">2909</AD_Column_ID>
            <IsActive>Y</IsActive>
            <WS_WebServiceType_ID reference="uuid" reference-key="WS_WebServiceType">acdb425a-f914-4f99-a28e-112457f44899</WS_WebServiceType_ID>
            <WS_WebServiceFieldOutput_UU>4da11acf-33dc-49f6-80e7-61cdcad5399a</WS_WebServiceFieldOutput_UU>
        </WS_WebServiceFieldOutput>
        <WS_WebServiceTypeAccess type="table">
            <AD_Org_ID>0</AD_Org_ID>
            <AD_Role_ID reference="id">102</AD_Role_ID>
            <WS_WebServiceType_ID reference="uuid" reference-key="WS_WebServiceType">acdb425a-f914-4f99-a28e-112457f44899</WS_WebServiceType_ID>
            <IsActive>Y</IsActive>
            <IsReadWrite>Y</IsReadWrite>
            <WS_WebServiceTypeAccess_UU>3f9a0dab-43c7-4146-9f41-c9d8cf9b87e3</WS_WebServiceTypeAccess_UU>
        </WS_WebServiceTypeAccess>
        <WS_WebServiceTypeAccess type="table">
            <AD_Org_ID>0</AD_Org_ID>
            <AD_Role_ID reference="id">50004</AD_Role_ID>
            <WS_WebServiceType_ID reference="uuid" reference-key="WS_WebServiceType">acdb425a-f914-4f99-a28e-112457f44899</WS_WebServiceType_ID>
            <IsActive>Y</IsActive>
            <IsReadWrite>Y</IsReadWrite>
            <WS_WebServiceTypeAccess_UU>3a9c6981-6f2a-4358-8b34-16ea2bd6c00b</WS_WebServiceTypeAccess_UU>
        </WS_WebServiceTypeAccess>
    </WS_WebServiceType>
    <WS_WebServiceType type="table">
        <AD_Org_ID>0</AD_Org_ID>
        <Description/>
        <Help/>
        <IsActive>Y</IsActive>
        <Name>WS_DeleteBPartner</Name>
        <Value>WS_DeleteBPartner</Value>
        <WS_WebService_ID reference="id">50001</WS_WebService_ID>
        <WS_WebServiceMethod_ID reference="id">50026</WS_WebServiceMethod_ID>
        <AD_Table_ID reference="id"/>
        <WS_WebServiceType_UU>41bbe44f-d1d4-4d87-86bc-124bacd64cac</WS_WebServiceType_UU>
        <WS_WebService_Para type="table">
            <AD_Org_ID>0</AD_Org_ID>
            <WS_WebServiceType_ID reference="uuid" reference-key="WS_WebServiceType">41bbe44f-d1d4-4d87-86bc-124bacd64cac</WS_WebServiceType_ID>
            <IsActive>Y</IsActive>
            <ParameterName>TableName</ParameterName>
            <ParameterType>C</ParameterType>
            <ConstantValue>C_BPartner</ConstantValue>
            <WS_WebService_Para_UU>d4767450-a336-453e-a198-c78d056c903a</WS_WebService_Para_UU>
        </WS_WebService_Para>
        <WS_WebService_Para type="table">
            <AD_Org_ID>0</AD_Org_ID>
            <WS_WebServiceType_ID reference="uuid" reference-key="WS_WebServiceType">41bbe44f-d1d4-4d87-86bc-124bacd64cac</WS_WebServiceType_ID>
            <IsActive>Y</IsActive>
            <ParameterName>RecordID</ParameterName>
            <ParameterType>F</ParameterType>
            <ConstantValue/>
            <WS_WebService_Para_UU>2c3c5970-12c0-427c-a960-4a76833124bd</WS_WebService_Para_UU>
        </WS_WebService_Para>
        <WS_WebService_Para type="table">
            <AD_Org_ID>0</AD_Org_ID>
            <WS_WebServiceType_ID reference="uuid" reference-key="WS_WebServiceType">41bbe44f-d1d4-4d87-86bc-124bacd64cac</WS_WebServiceType_ID>
            <IsActive>Y</IsActive>
            <ParameterName>Action</ParameterName>
            <ParameterType>C</ParameterType>
            <ConstantValue>Delete</ConstantValue>
            <WS_WebService_Para_UU>5c5aa454-c46c-44af-9c9d-a53684dfa14d</WS_WebService_Para_UU>
        </WS_WebService_Para>
        <WS_WebServiceTypeAccess type="table">
            <AD_Org_ID>0</AD_Org_ID>
            <AD_Role_ID reference="id">102</AD_Role_ID>
            <WS_WebServiceType_ID reference="uuid" reference-key="WS_WebServiceType">41bbe44f-d1d4-4d87-86bc-124bacd64cac</WS_WebServiceType_ID>
            <IsActive>Y</IsActive>
            <IsReadWrite>Y</IsReadWrite>
            <WS_WebServiceTypeAccess_UU>91193f2b-6751-4f88-9b95-6a86b6b5a622</WS_WebServiceTypeAccess_UU>
        </WS_WebServiceTypeAccess>
        <WS_WebServiceTypeAccess type="table">
            <AD_Org_ID>0</AD_Org_ID>
            <AD_Role_ID reference="id">50004</AD_Role_ID>
            <WS_WebServiceType_ID reference="uuid" reference-key="WS_WebServiceType">41bbe44f-d1d4-4d87-86bc-124bacd64cac</WS_WebServiceType_ID>
            <IsActive>Y</IsActive>
            <IsReadWrite>Y</IsReadWrite>
            <WS_WebServiceTypeAccess_UU>6d2f5bab-e53f-43b7-a1c8-d19179cccc7c</WS_WebServiceTypeAccess_UU>
        </WS_WebServiceTypeAccess>
    </WS_WebServiceType>
    <WS_WebServiceType type="table">
        <AD_Org_ID>0</AD_Org_ID>
        <Description/>
        <Help/>
        <IsActive>Y</IsActive>
        <Name>WS_ReadBPartner</Name>
        <Value>WS_ReadBPartner</Value>
        <WS_WebService_ID reference="id">50001</WS_WebService_ID>
        <WS_WebServiceMethod_ID reference="id">50027</WS_WebServiceMethod_ID>
        <AD_Table_ID reference="id">291</AD_Table_ID>
        <WS_WebServiceType_UU>5ac49bb8-1a59-46a0-8c20-2441e0f8ab45</WS_WebServiceType_UU>
        <WS_WebService_Para type="table">
            <AD_Org_ID>0</AD_Org_ID>
            <WS_WebServiceType_ID reference="uuid" reference-key="WS_WebServiceType">5ac49bb8-1a59-46a0-8c20-2441e0f8ab45</WS_WebServiceType_ID>
            <IsActive>Y</IsActive>
            <ParameterName>TableName</ParameterName>
            <ParameterType>C</ParameterType>
            <ConstantValue>C_BPartner</ConstantValue>
            <WS_WebService_Para_UU>eb4175ca-45b0-4eff-964d-f59a2c736386</WS_WebService_Para_UU>
        </WS_WebService_Para>
        <WS_WebService_Para type="table">
            <AD_Org_ID>0</AD_Org_ID>
            <WS_WebServiceType_ID reference="uuid" reference-key="WS_WebServiceType">5ac49bb8-1a59-46a0-8c20-2441e0f8ab45</WS_WebServiceType_ID>
            <IsActive>Y</IsActive>
            <ParameterName>Action</ParameterName>
            <ParameterType>C</ParameterType>
            <ConstantValue>Read</ConstantValue>
            <WS_WebService_Para_UU>a3c2c28f-30da-4a93-8abc-9b7194eb8c46</WS_WebService_Para_UU>
        </WS_WebService_Para>
        <WS_WebService_Para type="table">
            <AD_Org_ID>0</AD_Org_ID>
            <WS_WebServiceType_ID reference="uuid" reference-key="WS_WebServiceType">5ac49bb8-1a59-46a0-8c20-2441e0f8ab45</WS_WebServiceType_ID>
            <IsActive>Y</IsActive>
            <ParameterName>RecordID</ParameterName>
            <ParameterType>F</ParameterType>
            <ConstantValue/>
            <WS_WebService_Para_UU>ca3a39b9-7baf-4298-94a9-cfc350380acd</WS_WebService_Para_UU>
        </WS_WebService_Para>
        <WS_WebServiceFieldOutput type="table">
            <AD_Org_ID>0</AD_Org_ID>
            <AD_Column_ID reference="id">2893</AD_Column_ID>
            <IsActive>Y</IsActive>
            <WS_WebServiceType_ID reference="uuid" reference-key="WS_WebServiceType">5ac49bb8-1a59-46a0-8c20-2441e0f8ab45</WS_WebServiceType_ID>
            <WS_WebServiceFieldOutput_UU>687767c6-1822-47bb-bd8b-ec1fa3b45957</WS_WebServiceFieldOutput_UU>
        </WS_WebServiceFieldOutput>
        <WS_WebServiceFieldOutput type="table">
            <AD_Org_ID>0</AD_Org_ID>
            <AD_Column_ID reference="id">2901</AD_Column_ID>
            <IsActive>Y</IsActive>
            <WS_WebServiceType_ID reference="uuid" reference-key="WS_WebServiceType">5ac49bb8-1a59-46a0-8c20-2441e0f8ab45</WS_WebServiceType_ID>
            <WS_WebServiceFieldOutput_UU>f00fb55d-568b-4748-b42e-8471676b5cc0</WS_WebServiceFieldOutput_UU>
        </WS_WebServiceFieldOutput>
        <WS_WebServiceFieldOutput type="table">
            <AD_Org_ID>0</AD_Org_ID>
            <AD_Column_ID reference="id">2902</AD_Column_ID>
            <IsActive>Y</IsActive>
            <WS_WebServiceType_ID reference="uuid" reference-key="WS_WebServiceType">5ac49bb8-1a59-46a0-8c20-2441e0f8ab45</WS_WebServiceType_ID>
            <WS_WebServiceFieldOutput_UU>0606bf61-4746-4c74-8d87-d8f2ad304ab5</WS_WebServiceFieldOutput_UU>
        </WS_WebServiceFieldOutput>
        <WS_WebServiceFieldOutput type="table">
            <AD_Org_ID>0</AD_Org_ID>
            <AD_Column_ID reference="id">2909</AD_Column_ID>
            <IsActive>Y</IsActive>
            <WS_WebServiceType_ID reference="uuid" reference-key="WS_WebServiceType">5ac49bb8-1a59-46a0-8c20-2441e0f8ab45</WS_WebServiceType_ID>
            <WS_WebServiceFieldOutput_UU>d9f5d152-251e-4e94-b3f7-ef2464298a17</WS_WebServiceFieldOutput_UU>
        </WS_WebServiceFieldOutput>
        <WS_WebServiceFieldOutput type="table">
            <AD_Org_ID>0</AD_Org_ID>
            <AD_Column_ID reference="id">58113</AD_Column_ID>
            <IsActive>Y</IsActive>
            <WS_WebServiceType_ID reference="uuid" reference-key="WS_WebServiceType">5ac49bb8-1a59-46a0-8c20-2441e0f8ab45</WS_WebServiceType_ID>
            <WS_WebServiceFieldOutput_UU>f9730dea-1ea3-4784-b4b0-85ace68b6829</WS_WebServiceFieldOutput_UU>
        </WS_WebServiceFieldOutput>
        <WS_WebServiceTypeAccess type="table">
            <AD_Org_ID>0</AD_Org_ID>
            <AD_Role_ID reference="id">102</AD_Role_ID>
            <WS_WebServiceType_ID reference="uuid" reference-key="WS_WebServiceType">5ac49bb8-1a59-46a0-8c20-2441e0f8ab45</WS_WebServiceType_ID>
            <IsActive>Y</IsActive>
            <IsReadWrite>Y</IsReadWrite>
            <WS_WebServiceTypeAccess_UU>c8170ea4-8caf-4053-9a75-96d6cb6f7840</WS_WebServiceTypeAccess_UU>
        </WS_WebServiceTypeAccess>
        <WS_WebServiceTypeAccess type="table">
            <AD_Org_ID>0</AD_Org_ID>
            <AD_Role_ID reference="id">50004</AD_Role_ID>
            <WS_WebServiceType_ID reference="uuid" reference-key="WS_WebServiceType">5ac49bb8-1a59-46a0-8c20-2441e0f8ab45</WS_WebServiceType_ID>
            <IsActive>Y</IsActive>
            <IsReadWrite>Y</IsReadWrite>
            <WS_WebServiceTypeAccess_UU>f6516518-5c99-4b48-822b-d32fc71e6edf</WS_WebServiceTypeAccess_UU>
        </WS_WebServiceTypeAccess>
    </WS_WebServiceType>
    <WS_WebServiceType type="table">
        <AD_Org_ID>0</AD_Org_ID>
        <Description/>
        <Help/>
        <IsActive>Y</IsActive>
        <Name>WS_UpdateBPartner</Name>
        <Value>WS_UpdateBPartner</Value>
        <WS_WebService_ID reference="id">50001</WS_WebService_ID>
        <WS_WebServiceMethod_ID reference="id">50025</WS_WebServiceMethod_ID>
        <AD_Table_ID reference="id">291</AD_Table_ID>
        <WS_WebServiceType_UU>f6001629-9229-42c2-a5ec-8476e00d5952</WS_WebServiceType_UU>
        <WS_WebService_Para type="table">
            <AD_Org_ID>0</AD_Org_ID>
            <WS_WebServiceType_ID reference="uuid" reference-key="WS_WebServiceType">f6001629-9229-42c2-a5ec-8476e00d5952</WS_WebServiceType_ID>
            <IsActive>Y</IsActive>
            <ParameterName>Action</ParameterName>
            <ParameterType>C</ParameterType>
            <ConstantValue>Update</ConstantValue>
            <WS_WebService_Para_UU>4437819b-4f5d-43de-8792-0d29f856bd3f</WS_WebService_Para_UU>
        </WS_WebService_Para>
        <WS_WebService_Para type="table">
            <AD_Org_ID>0</AD_Org_ID>
            <WS_WebServiceType_ID reference="uuid" reference-key="WS_WebServiceType">f6001629-9229-42c2-a5ec-8476e00d5952</WS_WebServiceType_ID>
            <IsActive>Y</IsActive>
            <ParameterName>RecordID</ParameterName>
            <ParameterType>F</ParameterType>
            <ConstantValue/>
            <WS_WebService_Para_UU>26a87a80-26b3-4786-ab67-b9b1a5d8c7e7</WS_WebService_Para_UU>
        </WS_WebService_Para>
        <WS_WebService_Para type="table">
            <AD_Org_ID>0</AD_Org_ID>
            <WS_WebServiceType_ID reference="uuid" reference-key="WS_WebServiceType">f6001629-9229-42c2-a5ec-8476e00d5952</WS_WebServiceType_ID>
            <IsActive>Y</IsActive>
            <ParameterName>TableName</ParameterName>
            <ParameterType>C</ParameterType>
            <ConstantValue>C_BPartner</ConstantValue>
            <WS_WebService_Para_UU>d342ae8a-4f94-4290-b7a2-f676c9e5987b</WS_WebService_Para_UU>
        </WS_WebService_Para>
        <WS_WebServiceFieldInput type="table">
            <AD_Org_ID>0</AD_Org_ID>
            <WS_WebServiceType_ID reference="uuid" reference-key="WS_WebServiceType">f6001629-9229-42c2-a5ec-8476e00d5952</WS_WebServiceType_ID>
            <IsActive>Y</IsActive>
            <AD_Column_ID reference="id">2902</AD_Column_ID>
            <AD_Reference_ID reference="id">14</AD_Reference_ID>
            <ColumnName/>
            <IdentifierLogic/>
            <IsIdentifier>N</IsIdentifier>
            <IsNullIdentifier>N</IsNullIdentifier>
            <WS_WebServiceFieldInput_UU>a7870a12-ca62-45db-ace9-3dc699ddebe9</WS_WebServiceFieldInput_UU>
            <AD_Reference_Value_ID reference="id"/>
        </WS_WebServiceFieldInput>
        <WS_WebServiceFieldOutput type="table">
            <AD_Org_ID>0</AD_Org_ID>
            <AD_Column_ID reference="id">2902</AD_Column_ID>
            <IsActive>Y</IsActive>
            <WS_WebServiceType_ID reference="uuid" reference-key="WS_WebServiceType">f6001629-9229-42c2-a5ec-8476e00d5952</WS_WebServiceType_ID>
            <WS_WebServiceFieldOutput_UU>c9a58fd0-4d8f-4adc-92a0-81bf9a929183</WS_WebServiceFieldOutput_UU>
        </WS_WebServiceFieldOutput>
        <WS_WebServiceFieldOutput type="table">
            <AD_Org_ID>0</AD_Org_ID>
            <AD_Column_ID reference="id">2893</AD_Column_ID>
            <IsActive>Y</IsActive>
            <WS_WebServiceType_ID reference="uuid" reference-key="WS_WebServiceType">f6001629-9229-42c2-a5ec-8476e00d5952</WS_WebServiceType_ID>
            <WS_WebServiceFieldOutput_UU>1fed6be3-d7a6-4e9e-9325-6b5c38af163a</WS_WebServiceFieldOutput_UU>
        </WS_WebServiceFieldOutput>
        <WS_WebServiceFieldOutput type="table">
            <AD_Org_ID>0</AD_Org_ID>
            <AD_Column_ID reference="id">2901</AD_Column_ID>
            <IsActive>Y</IsActive>
            <WS_WebServiceType_ID reference="uuid" reference-key="WS_WebServiceType">f6001629-9229-42c2-a5ec-8476e00d5952</WS_WebServiceType_ID>
            <WS_WebServiceFieldOutput_UU>a252a849-87bc-492e-8770-829117660cbb</WS_WebServiceFieldOutput_UU>
        </WS_WebServiceFieldOutput>
        <WS_WebServiceFieldOutput type="table">
            <AD_Org_ID>0</AD_Org_ID>
            <AD_Column_ID reference="id">2909</AD_Column_ID>
            <IsActive>Y</IsActive>
            <WS_WebServiceType_ID reference="uuid" reference-key="WS_WebServiceType">f6001629-9229-42c2-a5ec-8476e00d5952</WS_WebServiceType_ID>
            <WS_WebServiceFieldOutput_UU>7c64c5a0-e3d9-4a8c-a303-909141eb08f1</WS_WebServiceFieldOutput_UU>
        </WS_WebServiceFieldOutput>
        <WS_WebServiceTypeAccess type="table">
            <AD_Org_ID>0</AD_Org_ID>
            <AD_Role_ID reference="id">102</AD_Role_ID>
            <WS_WebServiceType_ID reference="uuid" reference-key="WS_WebServiceType">f6001629-9229-42c2-a5ec-8476e00d5952</WS_WebServiceType_ID>
            <IsActive>Y</IsActive>
            <IsReadWrite>Y</IsReadWrite>
            <WS_WebServiceTypeAccess_UU>a783dd3e-fe1a-41c1-86b7-71ef51e0bfea</WS_WebServiceTypeAccess_UU>
        </WS_WebServiceTypeAccess>
        <WS_WebServiceTypeAccess type="table">
            <AD_Org_ID>0</AD_Org_ID>
            <AD_Role_ID reference="id">50004</AD_Role_ID>
            <WS_WebServiceType_ID reference="uuid" reference-key="WS_WebServiceType">f6001629-9229-42c2-a5ec-8476e00d5952</WS_WebServiceType_ID>
            <IsActive>Y</IsActive>
            <IsReadWrite>Y</IsReadWrite>
            <WS_WebServiceTypeAccess_UU>32e92dd7-c2f6-4d71-8086-4a8701d478a0</WS_WebServiceTypeAccess_UU>
        </WS_WebServiceTypeAccess>
    </WS_WebServiceType>
</idempiere>
